house,number,floor,section,area,rooms
139/1,1,2,1,52.5,2
139/1,2,2,1,41.2,1
139/1,3,2,1,88.2,3
139/1,4,2,1,40.8,1
139/1,5,2,1,55.3,2
139/1,6,3,1,52.6,2
139/1,7,3,1,40.4,1
139/1,8,3,1,88.2,3
139/1,9,3,1,40.4,1
139/1,10,3,1,55.0,2
139/1,11,4,1,51.8,1
139/1,12,4,1,41.0,1
139/1,13,4,1,87.6,3
139/1,14,4,1,40.4,1
139/1,15,4,1,55.1,2
139/1,16,5,1,52.5,2
139/1,17,5,1,40.5,1
139/1,18,5,1,88.8,3
139/1,19,5,1,41.0,1
139/1,20,5,1,55.4,2
139/1,21,6,1,52.6,2
139/1,22,6,1,41.3,1
139/1,23,6,1,88.6,3
139/1,24,6,1,40.6,1
139/1,25,6,1,55.5,2
139/1,26,7,1,52.3,2
139/1,27,7,1,40.7,1
139/1,28,7,1,88.7,3
139/1,29,7,1,41.2,1
139/1,30,7,1,55.0,2
139/1,31,8,1,51.9,1
139/1,32,8,1,41.1,1
139/1,33,8,1,89.6,3
139/1,34,8,1,40.7,1
139/1,35,8,1,54.8,2
139/1,36,9,1,52.5,2
139/1,37,9,1,41.7,1
139/1,38,9,1,88.3,3
139/1,39,9,1,41.4,1
139/1,40,9,1,55.3,2
139/1,41,10,1,52.1,2
139/1,42,10,1,41.0,1
139/1,43,10,1,88.3,3
139/1,44,10,1,40.8,1
139/1,45,10,1,55.3,2
139/1,46,11,1,52.8,2
139/1,47,11,1,41.4,1
139/1,48,11,1,89.0,3
139/1,49,11,1,40.7,1
139/1,50,11,1,55.4,2
139/1,51,12,1,52.0,2
139/1,52,12,1,41.2,1
139/1,53,12,1,90.3,3
139/1,54,12,1,41.1,1
139/1,55,12,1,55.1,2
139/1,56,13,1,52.8,2
139/1,57,13,1,41.3,1
139/1,58,13,1,89.2,3
139/1,59,13,1,40.7,1
139/1,60,13,1,55.5,2
139/1,61,14,1,51.9,1
139/1,62,14,1,40.8,1
139/1,63,14,1,89.2,3
139/1,64,14,1,40.7,1
139/1,65,14,1,55.0,2
139/1,66,2,2,60.3,2
139/1,67,2,2,35.5,1
139/1,68,2,2,34.9,1
139/1,69,2,2,58.3,2
139/1,70,3,2,60.4,2
139/1,71,3,2,35.6,1
139/1,72,3,2,35.3,1
139/1,73,3,2,58.2,2
139/1,74,4,2,60.9,2
139/1,75,4,2,35.9,1
139/1,76,4,2,35.0,1
139/1,77,4,2,58.1,2
139/1,78,5,2,60.5,2
139/1,79,5,2,35.4,1
139/1,80,5,2,34.4,1
139/1,81,5,2,57.9,2
139/1,82,6,2,60.4,2
139/1,83,6,2,35.5,1
139/1,84,6,2,34.6,1
139/1,85,6,2,58.2,2
139/1,86,7,2,60.1,2
139/1,87,7,2,35.2,1
139/1,88,7,2,34.5,1
139/1,89,7,2,58.0,2
139/1,90,8,2,60.4,2
139/1,91,8,2,35.2,1
139/1,92,8,2,34.8,1
139/1,93,8,2,58.0,2
139/1,94,9,2,60.0,2
139/1,95,9,2,35.7,1
139/1,96,9,2,35.1,1
139/1,97,9,2,58.2,2
139/1,98,10,2,60.7,2
139/1,99,10,2,35.7,1
139/1,100,10,2,34.8,1
139/1,101,10,2,58.6,2
139/1,102,11,2,60.7,2
139/1,103,11,2,35.3,1
139/1,104,11,2,35.1,1
139/1,105,11,2,58.6,2
139/1,106,12,2,60.1,2
139/1,107,12,2,35.6,1
139/1,108,12,2,35.1,1
139/1,109,12,2,58.2,2
139/1,110,13,2,60.5,2
139/1,111,13,2,36.1,1
139/1,112,13,2,34.9,1
139/1,113,13,2,58.8,2
139/1,114,14,2,60.7,2
139/1,115,14,2,35.6,1
139/1,116,14,2,34.9,1
139/1,117,14,2,58.4,2
139/1,118,15,2,61.1,2
139/1,119,15,2,35.4,1
139/1,120,15,2,35.2,1
139/1,121,15,2,58.3,2
139/1,122,16,2,60.9,2
139/1,123,16,2,35.4,1
139/1,124,16,2,35.1,1
139/1,125,16,2,58.6,2
139/1,126,2,3,76.9,3
139/1,127,2,3,89.5,3
139/1,128,2,3,41.2,1
139/1,129,2,3,52.5,2
139/1,130,3,3,78.6,3
139/1,131,3,3,89.2,3
139/1,132,3,3,41.0,1
139/1,133,3,3,53.1,2
139/1,134,4,3,79.1,3
139/1,135,4,3,88.6,3
139/1,136,4,3,40.9,1
139/1,137,4,3,52.3,2
139/1,138,5,3,79.2,3
139/1,139,5,3,89.1,3
139/1,140,5,3,40.8,1
139/1,141,5,3,52.6,2
139/1,142,6,3,79.2,3
139/1,143,6,3,89.1,3
139/1,144,6,3,40.8,1
139/1,145,6,3,51.9,1
139/1,146,7,3,79.2,3
139/1,147,7,3,88.8,3
139/1,148,7,3,41.1,1
139/1,149,7,3,52.4,2
139/1,150,8,3,78.9,3
139/1,151,8,3,89.4,3
139/1,152,8,3,41.1,1
139/1,153,8,3,52.1,2
139/1,154,9,3,78.8,3
139/1,155,9,3,89.3,3
139/1,156,9,3,40.8,1
139/1,157,9,3,52.7,2
139/1,158,10,3,79.3,3
139/1,159,10,3,89.2,3
139/1,160,10,3,40.8,1
139/1,161,10,3,52.1,2
139/1,162,11,3,78.9,3
139/1,163,11,3,90.2,3
139/1,164,11,3,41.0,1
139/1,165,11,3,52.1,2
139/1,166,12,3,78.7,3
139/1,167,12,3,89.5,3
139/1,168,12,3,41.0,1
139/1,169,12,3,51.9,1
139/1,170,13,3,79.1,3
139/1,171,13,3,89.0,3
139/1,172,13,3,41.3,1
139/1,173,13,3,52.5,2
139/1,174,14,3,79.0,3
139/1,175,14,3,89.0,3
139/1,176,14,3,41.0,1
139/1,177,14,3,52.5,2
139/1,178,15,3,78.6,3
139/1,179,15,3,89.0,3
139/1,180,15,3,41.0,1
139/1,181,15,3,51.8,1
139/1,182,16,3,79.2,3
139/1,183,16,3,88.9,3
139/1,184,16,3,40.6,1
139/1,185,16,3,51.8,1
139/1,186,17,3,79.1,3
139/1,187,17,3,88.9,3
139/1,188,17,3,40.9,1
139/1,189,17,3,51.8,1
139/1,190,18,3,78.6,3
139/1,191,18,3,89.2,3
139/1,192,18,3,40.8,1
139/1,193,18,3,52.0,2
139/1,194,2,4,60.3,2
139/1,195,2,4,36.4,1
139/1,196,2,4,56.5,2
139/1,197,2,4,64.3,2
139/1,198,3,4,60.1,2
139/1,199,3,4,36.9,1
139/1,200,3,4,57.3,2
139/1,201,3,4,78.3,3
139/1,202,4,4,59.7,2
139/1,203,4,4,36.6,1
139/1,204,4,4,56.0,2
139/1,205,4,4,78.1,3
139/1,206,5,4,59.8,2
139/1,207,5,4,36.6,1
139/1,208,5,4,57.3,2
139/1,209,5,4,77.7,3
139/1,210,6,4,59.0,2
139/1,211,6,4,36.9,1
139/1,212,6,4,57.1,2
139/1,213,6,4,78.0,3
139/1,214,7,4,59.1,2
139/1,215,7,4,36.9,1
139/1,216,7,4,56.3,2
139/1,217,7,4,78.5,3
139/1,218,8,4,59.5,2
139/1,219,8,4,37.0,1
139/1,220,8,4,57.2,2
139/1,221,8,4,77.8,3
139/1,222,9,4,59.5,2
139/1,223,9,4,36.7,1
139/1,224,9,4,57.3,2
139/1,225,9,4,77.4,3
139/1,226,10,4,59.7,2
139/1,227,10,4,36.5,1
139/1,228,10,4,57.1,2
139/1,229,10,4,78.1,3
139/1,230,11,4,59.6,2
139/1,231,11,4,36.4,1
139/1,232,11,4,57.2,2
139/1,233,11,4,78.3,3
139/1,234,12,4,59.8,2
139/1,235,12,4,36.9,1
139/1,236,12,4,57.3,2
139/1,237,12,4,78.3,3
139/1,238,13,4,59.5,2
139/1,239,13,4,36.4,1
139/1,240,13,4,57.1,2
139/1,241,13,4,78.4,3
139/1,242,14,4,59.6,2
139/1,243,14,4,37.1,1
139/1,244,14,4,57.0,2
139/1,245,14,4,78.5,3
139/1,246,15,4,59.2,2
139/1,247,15,4,36.7,1
139/1,248,15,4,56.5,2
139/1,249,15,4,78.4,3
139/1,250,16,4,59.7,2
139/1,251,16,4,36.3,1
139/1,252,16,4,56.7,2
139/1,253,16,4,77.9,3
139/1,254,2,5,63.5,2
139/1,255,2,5,60.3,2
139/1,256,2,5,61.6,2
139/1,257,2,5,81.5,3
139/1,258,3,5,63.9,2
139/1,259,3,5,60.0,2
139/1,260,3,5,61.3,2
139/1,261,3,5,82.3,3
139/1,262,4,5,63.9,2
139/1,263,4,5,60.2,2
139/1,264,4,5,60.9,2
139/1,265,4,5,83.3,3
139/1,266,5,5,64.7,2
139/1,267,5,5,60.3,2
139/1,268,5,5,61.2,2
139/1,269,5,5,82.8,3
139/1,270,6,5,64.3,2
139/1,271,6,5,60.3,2
139/1,272,6,5,61.1,2
139/1,273,6,5,83.2,3
139/1,274,7,5,63.5,2
139/1,275,7,5,60.8,2
139/1,276,7,5,61.1,2
139/1,277,7,5,83.1,3
139/1,278,8,5,64.2,2
139/1,279,8,5,60.7,2
139/1,280,8,5,61.4,2
139/1,281,8,5,83.1,3
139/1,282,9,5,64.1,2
139/1,283,9,5,60.6,2
139/1,284,9,5,61.9,2
139/1,285,9,5,83.3,3
139/1,286,10,5,63.8,2
139/1,287,10,5,60.5,2
139/1,288,10,5,61.5,2
139/1,289,10,5,83.5,3
139/1,290,11,5,63.7,2
139/1,291,11,5,60.7,2
139/1,292,11,5,61.3,2
139/1,293,11,5,83.0,3
139/1,294,12,5,64.1,2
139/1,295,12,5,61.3,2
139/1,296,12,5,61.3,2
139/1,297,12,5,83.3,3
139/1,298,13,5,64.2,2
139/1,299,13,5,60.6,2
139/1,300,13,5,61.4,2
139/1,301,13,5,82.9,3
139/1,302,14,5,63.5,2
139/1,303,14,5,60.5,2
139/1,304,14,5,61.5,2
139/1,305,14,5,83.2,3
139/1,306,2,6,76.9,3
139/1,307,2,6,40.4,1
139/1,308,2,6,39.9,1
139/1,309,2,6,74.8,2
139/1,310,3,6,78.2,3
139/1,311,3,6,40.4,1
139/1,312,3,6,39.7,1
139/1,313,3,6,75.0,3
139/1,314,4,6,76.5,3
139/1,315,4,6,40.1,1
139/1,316,4,6,39.8,1
139/1,317,4,6,75.5,3
139/1,318,5,6,77.0,3
139/1,319,5,6,40.2,1
139/1,320,5,6,39.6,1
139/1,321,5,6,75.5,3
139/1,322,6,6,77.8,3
139/1,323,6,6,40.3,1
139/1,324,6,6,39.8,1
139/1,325,6,6,75.1,3
139/1,326,7,6,78.0,3
139/1,327,7,6,40.3,1
139/1,328,7,6,40.2,1
139/1,329,7,6,75.4,3
139/1,330,8,6,77.8,3
139/1,331,8,6,40.3,1
139/1,332,8,6,39.8,1
139/1,333,8,6,75.7,3
139/1,334,9,6,78.1,3
139/1,335,9,6,40.5,1
139/1,336,9,6,39.9,1
139/1,337,9,6,75.6,3
139/1,338,10,6,77.8,3
139/1,339,10,6,40.5,1
139/1,340,10,6,40.0,1
139/1,341,10,6,75.8,3
139/1,342,11,6,78.1,3
139/1,343,11,6,40.5,1
139/1,344,11,6,40.0,1
139/1,345,11,6,75.9,3
139/1,346,12,6,78.2,3
139/1,347,12,6,40.6,1
139/1,348,12,6,40.6,1
139/1,349,12,6,75.3,3
139/1,350,13,6,78.7,3
139/1,351,13,6,40.7,1
139/1,352,13,6,40.0,1
139/1,353,13,6,76.0,3
139/1,354,14,6,78.2,3
139/1,355,14,6,40.8,1
139/1,356,14,6,40.7,1
139/1,357,14,6,75.8,3
139/1,358,15,6,77.7,3
139/1,359,15,6,40.7,1
139/1,360,15,6,40.0,1
139/1,361,15,6,75.3,3
139/1,362,16,6,78.7,3
139/1,363,16,6,40.3,1
139/1,364,16,6,39.9,1
139/1,365,16,6,75.8,3
139/1,366,2,7,104.3,3
139/1,367,2,7,60.1,2
139/1,368,2,7,61.2,2
139/1,369,2,7,85.8,3
139/1,370,3,7,60.0,2
139/1,371,3,7,60.0,2
139/1,372,3,7,60.9,2
139/1,373,3,7,85.7,3
139/1,374,4,7,59.8,2
139/1,375,4,7,60.5,2
139/1,376,4,7,60.9,2
139/1,377,4,7,86.0,3
139/1,378,5,7,60.4,2
139/1,379,5,7,60.1,2
139/1,380,5,7,61.5,2
139/1,381,5,7,86.2,3
139/1,382,6,7,59.8,2
139/1,383,6,7,59.8,2
139/1,384,6,7,61.5,2
139/1,385,6,7,85.6,3
139/1,386,7,7,60.7,2
139/1,387,7,7,60.0,2
139/1,388,7,7,61.4,2
139/1,389,7,7,85.9,3
139/1,390,8,7,60.4,2
139/1,391,8,7,60.2,2
139/1,392,8,7,61.2,2
139/1,393,8,7,85.9,3
139/1,394,9,7,60.0,2
139/1,395,9,7,60.4,2
139/1,396,9,7,61.4,2
139/1,397,9,7,86.1,3
139/1,398,10,7,61.0,2
139/1,399,10,7,60.0,2
139/1,400,10,7,61.8,2
139/1,401,10,7,86.0,3
139/1,402,11,7,59.9,2
139/1,403,11,7,60.5,2
139/1,404,11,7,61.7,2
139/1,405,11,7,86.2,3
139/1,406,12,7,60.2,2
139/1,407,12,7,60.2,2
139/1,408,12,7,61.5,2
139/1,409,12,7,85.9,3
139/1,410,13,7,60.6,2
139/1,411,13,7,60.0,2
139/1,412,13,7,61.7,2
139/1,413,13,7,86.3,3
139/1,414,14,7,60.1,2
139/1,415,14,7,60.0,2
139/1,416,14,7,61.5,2
139/2,1,2,1,62.6,2
139/2,2,2,1,41.3,1
139/2,3,2,1,57.5,2
139/2,4,2,1,84.8,3
139/2,5,3,1,62.7,2
139/2,6,3,1,41.2,1
139/2,7,3,1,57.7,2
139/2,8,3,1,86.8,3
139/2,9,4,1,62.7,2
139/2,10,4,1,41.0,1
139/2,11,4,1,57.8,2
139/2,12,4,1,86.9,3
139/2,13,5,1,62.5,2
139/2,14,5,1,41.2,1
139/2,15,5,1,57.6,2
139/2,16,5,1,86.8,3
139/2,17,6,1,62.3,2
139/2,18,6,1,41.1,1
139/2,19,6,1,57.5,2
139/2,20,6,1,86.8,3
139/2,21,7,1,61.8,2
139/2,22,7,1,41.1,1
139/2,23,7,1,57.4,2
139/2,24,7,1,87.2,3
139/2,25,8,1,62.3,2
139/2,26,8,1,41.1,1
139/2,27,8,1,57.2,2
139/2,28,8,1,86.7,3
139/2,29,9,1,61.9,2
139/2,30,9,1,40.9,1
139/2,31,9,1,56.9,2
139/2,32,9,1,86.5,3
139/2,33,10,1,61.5,2
139/2,34,10,1,40.6,1
139/2,35,10,1,57.0,2
139/2,36,10,1,86.2,3
139/2,37,11,1,61.7,2
139/2,38,11,1,40.6,1
139/2,39,11,1,57.1,2
139/2,40,11,1,86.1,3
139/2,41,12,1,61.1,2
139/2,42,12,1,40.8,1
139/2,43,12,1,57.0,2
139/2,44,12,1,86.1,3
139/2,45,13,1,61.3,2
139/2,46,13,1,40.8,1
139/2,47,13,1,56.9,2
139/2,48,13,1,85.9,3
139/2,49,14,1,61.4,2
139/2,50,14,1,40.7,1
139/2,51,14,1,56.9,2
139/2,52,14,1,86.0,3
139/2,53,15,1,61.8,2
139/2,54,15,1,40.8,1
139/2,55,15,1,57.3,2
139/2,56,15,1,86.5,3
139/2,57,16,1,61.9,2
139/2,58,16,1,40.6,1
139/2,59,16,1,57.2,2
139/2,60,16,1,85.1,3
139/2,61,3,2,91.1,3
139/2,62,3,2,82.8,3
139/2,63,3,2,78.2,3
139/2,64,4,2,91.0,3
139/2,65,4,2,82.6,3
139/2,66,4,2,77.7,3
139/2,67,5,2,91.2,3
139/2,68,5,2,82.9,3
139/2,69,5,2,77.6,3
139/2,70,6,2,91.2,3
139/2,71,6,2,82.7,3
139/2,72,6,2,77.3,3
139/2,73,7,2,91.4,3
139/2,74,7,2,83.2,3
139/2,75,7,2,77.5,3
139/2,76,8,2,91.3,3
139/2,77,8,2,83.2,3
139/2,78,8,2,77.9,3
139/2,79,9,2,91.0,3
139/2,80,9,2,82.9,3
139/2,81,9,2,77.5,3
139/2,82,10,2,91.1,3
139/2,83,10,2,82.7,3
139/2,84,10,2,77.9,3
139/2,85,11,2,91.2,3
139/2,86,11,2,82.9,3
139/2,87,11,2,78.0,3
139/2,88,12,2,90.8,3
139/2,89,12,2,82.6,3
139/2,90,12,2,77.3,3
139/2,91,13,2,91.1,3
139/2,92,13,2,82.5,3
139/2,93,13,2,77.4,3
139/2,94,14,2,90.6,3
139/2,95,14,2,81.8,3
139/2,96,14,2,77.5,3
139/2,97,15,2,91.4,3
139/2,98,15,2,82.2,3
139/2,99,15,2,78.1,3
139/2,100,16,2,90.7,3
139/2,101,16,2,82.6,3
139/2,102,16,2,77.9,3
139/2,103,17,2,90.6,3
139/2,104,17,2,82.4,3
139/2,105,17,2,77.4,3
139/2,106,18,2,91.2,3
139/2,107,18,2,82.3,3
139/2,108,18,2,77.5,3
139/2,109,19,2,90.8,3
139/2,110,19,2,82.1,3
139/2,111,19,2,78.2,3
139/2,112,20,2,90.8,3
139/2,113,20,2,82.2,3
139/2,114,20,2,77.8,3
139/2,115,21,2,90.9,3
139/2,116,21,2,82.6,3
139/2,117,21,2,78.2,3
139/2,118,22,2,91.0,3
139/2,119,22,2,82.5,3
139/2,120,22,2,78.1,3
139/2,121,23,2,91.1,3
139/2,122,23,2,82.4,3
139/2,123,23,2,77.7,3
139/2,124,24,2,91.8,3
139/2,125,24,2,82.0,3
139/2,126,24,2,77.8,3
139/2,127,3,3,67.6,2
139/2,128,3,3,38.8,1
139/2,129,3,3,38.8,1
139/2,130,3,3,67.7,2
139/2,131,4,3,67.0,2
139/2,132,4,3,39.0,1
139/2,133,4,3,38.8,1
139/2,134,4,3,67.4,2
139/2,135,5,3,67.1,2
139/2,136,5,3,38.7,1
139/2,137,5,3,38.7,1
139/2,138,5,3,67.6,2
139/2,139,6,3,66.7,2
139/2,140,6,3,38.7,1
139/2,141,6,3,38.5,1
139/2,142,6,3,67.4,2
139/2,143,7,3,66.7,2
139/2,144,7,3,38.4,1
139/2,145,7,3,38.6,1
139/2,146,7,3,67.9,2
139/2,147,8,3,67.6,2
139/2,148,8,3,38.6,1
139/2,149,8,3,38.6,1
139/2,150,8,3,67.9,2
139/2,151,9,3,67.0,2
139/2,152,9,3,38.5,1
139/2,153,9,3,38.7,1
139/2,154,9,3,67.6,2
139/2,155,10,3,66.5,2
139/2,156,10,3,38.5,1
139/2,157,10,3,38.1,1
139/2,158,10,3,66.9,2
139/2,159,11,3,66.4,2
139/2,160,11,3,38.0,1
139/2,161,11,3,38.4,1
139/2,162,11,3,67.1,2
139/2,163,12,3,66.6,2
139/2,164,12,3,38.4,1
139/2,165,12,3,38.4,1
139/2,166,12,3,67.5,2
139/2,167,13,3,67.1,2
139/2,168,13,3,38.3,1
139/2,169,13,3,37.9,1
139/2,170,13,3,67.5,2
139/2,171,14,3,66.8,2
139/2,172,14,3,38.6,1
139/2,173,14,3,38.3,1
139/2,174,14,3,67.5,2
139/2,175,15,3,66.9,2
139/2,176,15,3,38.6,1
139/2,177,15,3,38.7,1
139/2,178,15,3,67.8,2
139/2,179,16,3,67.2,2
139/2,180,16,3,38.3,1
139/2,181,16,3,38.6,1
139/2,182,16,3,68.0,2
139/2,183,3,4,85.6,3
139/2,184,3,4,82.5,3
139/2,185,3,4,40.1,1
139/2,186,3,4,39.1,1
139/2,187,3,4,100.9,3
139/2,188,4,4,84.5,3
139/2,189,4,4,81.8,3
139/2,190,4,4,39.6,1
139/2,191,4,4,39.1,1
139/2,192,4,4,101.2,3
139/2,193,5,4,85.3,3
139/2,194,5,4,82.4,3
139/2,195,5,4,39.3,1
139/2,196,5,4,38.5,1
139/2,197,5,4,101.3,3
139/2,198,6,4,84.9,3
139/2,199,6,4,81.0,3
139/2,200,6,4,40.2,1
139/2,201,6,4,38.5,1
139/2,202,6,4,98.9,3
139/2,203,7,4,85.0,3
139/2,204,7,4,81.6,3
139/2,205,7,4,39.1,1
139/2,206,7,4,38.6,1
139/2,207,7,4,100.5,3
139/2,208,8,4,85.2,3
139/2,209,8,4,82.1,3
139/2,210,8,4,39.4,1
139/2,211,8,4,38.4,1
139/2,212,8,4,100.9,3
139/2,213,9,4,64.6,2
139/2,214,9,4,82.6,3
139/2,215,9,4,40.3,1
139/2,216,9,4,38.5,1
139/2,217,9,4,99.8,3
139/2,218,10,4,84.1,3
139/2,219,10,4,82.1,3
139/2,220,10,4,40.8,1
139/2,221,10,4,38.5,1
139/2,222,10,4,100.0,3
139/2,223,11,4,84.1,3
139/2,224,11,4,81.9,3
139/2,225,11,4,39.7,1
139/2,226,11,4,38.3,1
139/2,227,11,4,100.0,3
139/2,228,12,4,83.6,3
139/2,229,12,4,81.9,3
139/2,230,12,4,40.3,1
139/2,231,12,4,38.6,1
139/2,232,12,4,100.7,3
139/2,233,13,4,84.5,3
139/2,234,13,4,82.2,3
139/2,235,13,4,40.7,1
139/2,236,13,4,38.5,1
139/2,237,13,4,99.8,3
139/2,238,14,4,84.0,3
139/2,239,14,4,82.1,3
139/2,240,14,4,40.4,1
139/2,241,14,4,38.7,1
139/2,242,14,4,100.3,3
139/2,243,15,4,84.1,3
139/2,244,15,4,81.6,3
139/2,245,15,4,40.6,1
139/2,246,15,4,38.1,1
139/2,247,15,4,100.5,3
139/2,248,16,4,83.6,3
139/2,249,16,4,81.5,3
139/2,250,16,4,40.4,1
139/2,251,16,4,38.3,1
139/2,252,16,4,100.7,3
139/2,253,17,4,83.7,3
139/2,254,17,4,81.5,3
139/2,255,17,4,40.3,1
139/2,256,17,4,38.4,1
139/2,257,17,4,104.6,3
139/2,258,18,4,83.5,3
139/2,259,18,4,81.5,3
139/2,260,18,4,39.8,1
139/2,261,18,4,38.5,1
139/2,262,18,4,100.1,3
139/2,263,3,5,97.6,3
139/2,264,3,5,39.4,1
139/2,265,3,5,38.8,1
139/2,266,3,5,96.8,3
139/2,267,4,5,96.8,3
139/2,268,4,5,38.8,1
139/2,269,4,5,39.2,1
139/2,270,4,5,96.3,3
139/2,271,5,5,96.8,3
139/2,272,5,5,38.7,1
139/2,273,5,5,38.7,1
139/2,274,5,5,96.7,3
139/2,275,6,5,96.7,3
139/2,276,6,5,38.8,1
139/2,277,6,5,38.7,1
139/2,278,6,5,96.3,3
139/2,279,7,5,96.0,3
139/2,280,7,5,38.2,1
139/2,281,7,5,38.4,1
139/2,282,7,5,96.0,3
139/2,283,8,5,96.3,3
139/2,284,8,5,37.6,1
139/2,285,8,5,37.8,1
139/2,286,8,5,96.2,3
139/2,287,9,5,97.0,3
139/2,288,9,5,38.9,1
139/2,289,9,5,39.2,1
139/2,290,9,5,96.9,3
139/2,291,10,5,96.2,3
139/2,292,10,5,39.1,1
139/2,293,10,5,38.0,1
139/2,294,10,5,96.5,3
139/2,295,11,5,96.3,3
139/2,296,11,5,39.3,1
139/2,297,11,5,39.2,1
139/2,298,11,5,96.5,3
139/2,299,12,5,97.1,3
139/2,300,12,5,39.1,1
139/2,301,12,5,39.0,1
139/2,302,12,5,38.2,1
139/2,303,13,5,96.2,3
139/2,304,13,5,39.0,1
139/2,305,13,5,38.7,1
139/2,306,13,5,96.3,3
139/2,307,14,5,96.7,3
139/2,308,14,5,38.9,1
139/2,309,14,5,38.5,1
139/2,310,14,5,96.0,3
139/2,311,15,5,96.1,3
139/2,312,15,5,39.0,1
139/2,313,15,5,63.6,2
139/2,314,15,5,96.1,3
139/2,315,16,5,96.4,3
139/2,316,16,5,39.0,1
139/2,317,16,5,38.6,1
139/2,318,16,5,96.2,3
139/2,319,17,5,97.2,3
139/2,320,17,5,39.1,1
139/2,321,17,5,38.6,1
139/2,322,17,5,95.8,3
139/2,323,18,5,94.4,3
139/2,324,18,5,39.0,1
139/2,325,18,5,38.9,1
139/2,326,18,5,96.0,3
139/2,327,3,6,41.5,1
139/2,328,3,6,90.3,3
139/2,329,3,6,67.8,2
139/2,330,3,6,97.7,3
139/2,331,3,6,42.4,1
139/2,332,4,6,41.4,1
139/2,333,4,6,90.1,3
139/2,334,4,6,67.2,2
139/2,335,4,6,96.8,3
139/2,336,4,6,41.8,1
139/2,337,5,6,41.5,1
139/2,338,5,6,90.6,3
139/2,339,5,6,67.4,2
139/2,340,5,6,96.1,3
139/2,341,5,6,42.0,1
139/2,342,6,6,41.6,1
139/2,343,6,6,89.6,3
139/2,344,6,6,67.3,2
139/2,345,6,6,96.6,3
139/2,346,6,6,42.2,1
139/2,347,7,6,41.3,1
139/2,348,7,6,90.7,3
139/2,349,7,6,67.7,2
139/2,350,7,6,96.9,3
139/2,351,7,6,41.6,1
139/2,352,8,6,41.4,1
139/2,353,8,6,90.1,3
139/2,354,8,6,67.9,2
139/2,355,8,6,96.9,3
139/2,356,8,6,42.0,1
139/2,357,9,6,41.8,1
139/2,358,9,6,89.1,3
139/2,359,9,6,67.5,2
139/2,360,9,6,96.2,3
139/2,361,9,6,41.5,1
139/2,362,10,6,41.7,1
139/2,363,10,6,89.9,3
139/2,364,10,6,68.0,2
139/2,365,10,6,97.5,3
139/2,366,10,6,42.7,1
139/2,367,11,6,42.1,1
139/2,368,11,6,89.5,3
139/2,369,11,6,67.8,2
139/2,370,11,6,97.0,3
139/2,371,11,6,42.0,1
139/2,372,12,6,41.3,1
139/2,373,12,6,88.7,3
139/2,374,12,6,67.8,2
139/2,375,12,6,97.1,3
139/2,376,12,6,41.8,1
139/2,377,13,6,42.4,1
139/2,378,13,6,90.4,3
139/2,379,13,6,68.0,2
139/2,380,13,6,97.2,3
139/2,381,13,6,42.7,1
139/2,382,14,6,42.3,1
139/2,383,14,6,89.6,3
139/2,384,14,6,67.1,2
139/2,385,14,6,97.2,3
139/2,386,14,6,42.3,1
139/2,387,15,6,42.4,1
139/2,388,15,6,89.5,3
139/2,389,15,6,68.1,2
139/2,390,15,6,97.1,3
139/2,391,15,6,42.1,1
139/2,392,16,6,42.1,1
139/2,393,16,6,88.9,3
139/2,394,16,6,68.2,2
139/2,395,16,6,96.7,3
139/2,396,16,6,42.3,1
139/2,397,17,6,42.3,1
139/2,398,17,6,89.7,3
139/2,399,17,6,68.1,2
139/2,400,17,6,96.5,3
139/2,401,17,6,42.1,1
139/2,402,18,6,42.0,1
139/2,403,18,6,89.1,3
139/2,404,18,6,67.6,2
139/2,405,18,6,96.3,3
139/2,406,18,6,42.5,1
139/2,407,3,7,68.5,2
139/2,408,3,7,39.3,1
139/2,409,3,7,38.4,1
139/2,410,3,7,66.5,2
139/2,411,4,7,66.9,2
139/2,412,4,7,38.8,1
139/2,413,4,7,38.4,1
139/2,414,4,7,67.0,2
139/2,415,5,7,67.9,2
139/2,416,5,7,38.9,1
139/2,417,5,7,39.2,1
139/2,418,5,7,66.9,2
139/2,419,6,7,67.9,2
139/2,420,6,7,39.1,1
139/2,421,6,7,38.5,1
139/2,422,6,7,67.1,2
139/2,423,7,7,69.0,2
139/2,424,7,7,39.1,1
139/2,425,7,7,38.9,1
139/2,426,7,7,67.9,2
139/2,427,8,7,68.3,2
139/2,428,8,7,38.9,1
139/2,429,8,7,39.1,1
139/2,430,8,7,67.7,2
139/2,431,9,7,68.5,2
139/2,432,9,7,38.6,1
139/2,433,9,7,38.8,1
139/2,434,9,7,67.9,2
139/2,435,10,7,68.2,2
139/2,436,10,7,38.5,1
139/2,437,10,7,38.7,1
139/2,438,10,7,67.3,2
139/2,439,11,7,68.5,2
139/2,440,11,7,38.7,1
139/2,441,11,7,38.8,1
139/2,442,11,7,67.3,2
139/2,443,12,7,68.1,2
139/2,444,12,7,38.5,1
139/2,445,12,7,38.7,1
139/2,446,12,7,67.9,2
139/2,447,13,7,68.7,2
139/2,448,13,7,38.8,1
139/2,449,13,7,38.7,1
139/2,450,13,7,67.5,2
139/2,451,14,7,68.7,2
139/2,452,14,7,38.8,1
139/2,453,14,7,39.1,1
139/2,454,14,7,67.8,2
139/2,455,15,7,68.7,2
139/2,456,15,7,39.3,1
139/2,457,15,7,39.0,1
139/2,458,15,7,67.4,2
139/2,459,16,7,68.2,2
139/2,460,16,7,39.1,1
139/2,461,16,7,38.4,1
139/2,462,16,7,67.7,2
139/2,463,3,8,78.4,3
139/2,464,3,8,83.3,3
139/2,465,3,8,92.0,3
139/2,466,4,8,78.4,3
139/2,467,4,8,84.7,3
139/2,468,4,8,92.8,3
139/2,469,5,8,78.8,3
139/2,470,5,8,84.6,3
139/2,471,5,8,92.5,3
139/2,472,6,8,78.0,3
139/2,473,6,8,84.4,3
139/2,474,6,8,92.2,3
139/2,475,7,8,78.0,3
139/2,476,7,8,84.4,3
139/2,477,7,8,92.5,3
139/2,478,8,8,78.6,3
139/2,479,8,8,84.2,3
139/2,480,8,8,92.5,3
139/2,481,9,8,78.7,3
139/2,482,9,8,83.7,3
139/2,483,9,8,90.8,3
139/2,484,10,8,78.9,3
139/2,485,10,8,85.1,3
139/2,486,10,8,93.2,3
139/2,487,11,8,79.0,3
139/2,488,11,8,84.3,3
139/2,489,11,8,92.3,3
139/2,490,12,8,79.3,3
139/2,491,12,8,83.9,3
139/2,492,12,8,92.4,3
139/2,493,13,8,78.9,3
139/2,494,13,8,83.7,3
139/2,495,13,8,92.4,3
139/2,496,14,8,79.7,3
139/2,497,14,8,84.7,3
139/2,498,14,8,93.4,3
139/2,499,15,8,79.8,3
139/2,500,15,8,84.5,3
139/2,501,15,8,93.1,3
139/2,502,16,8,78.3,3
139/2,503,16,8,84.0,3
139/2,504,16,8,91.7,3
139/2,505,17,8,48.0,1
139/2,506,17,8,84.5,3
139/2,507,17,8,93.3,3
139/2,508,18,8,79.4,3
139/2,509,18,8,84.6,3
139/2,510,18,8,92.9,3
139/2,511,19,8,79.0,3
139/2,512,19,8,84.8,3
139/2,513,19,8,92.5,3
139/2,514,20,8,79.5,3
139/2,515,20,8,84.4,3
139/2,516,20,8,93.2,3
139/2,517,21,8,79.2,3
139/2,518,21,8,84.6,3
139/2,519,21,8,92.5,3
139/2,520,22,8,78.9,3
139/2,521,22,8,84.5,3
139/2,522,22,8,93.5,3
139/2,523,23,8,79.2,3
139/2,524,23,8,82.4,3
139/2,525,23,8,92.7,3
139/2,526,24,8,79.1,3
139/2,527,24,8,83.9,3
139/2,528,24,8,92.8,3
139/2,529,2,9,63.7,2
139/2,530,2,9,41.8,1
139/2,531,2,9,58.5,2
139/2,532,2,9,84.3,3
139/2,533,3,9,62.9,2
139/2,534,3,9,41.3,1
139/2,535,3,9,58.2,2
139/2,536,3,9,84.0,3
139/2,537,4,9,62.9,2
139/2,538,4,9,41.1,1
139/2,539,4,9,58.8,2
139/2,540,4,9,84.2,3
139/2,541,5,9,62.9,2
139/2,542,5,9,41.4,1
139/2,543,5,9,58.6,2
139/2,544,5,9,84.7,3
139/2,545,6,9,62.6,2
139/2,546,6,9,41.2,1
139/2,547,6,9,58.0,2
139/2,548,6,9,84.4,3
139/2,549,7,9,63.5,2
139/2,550,7,9,41.8,1
139/2,551,7,9,58.6,2
139/2,552,7,9,85.0,3
139/2,553,8,9,63.8,2
139/2,554,8,9,41.7,1
139/2,555,8,9,58.7,2
139/2,556,8,9,85.6,3
139/2,557,9,9,63.4,2
139/2,558,9,9,41.6,1
139/2,559,9,9,58.6,2
139/2,560,9,9,85.2,3
139/2,561,10,9,63.4,2
139/2,562,10,9,41.1,1
139/2,563,10,9,58.5,2
139/2,564,10,9,85.0,3
139/2,565,11,9,62.9,2
139/2,566,11,9,41.0,1
139/2,567,11,9,58.9,2
139/2,568,11,9,85.6,3
139/2,569,12,9,63.2,2
139/2,570,12,9,41.2,1
139/2,571,12,9,58.4,2
139/2,572,12,9,84.5,3
139/2,573,13,9,63.1,2
139/2,574,13,9,41.4,1
139/2,575,13,9,58.1,2
139/2,576,13,9,84.6,3
139/2,577,14,9,63.3,2
139/2,578,14,9,41.4,1
139/2,579,14,9,58.5,2
139/2,580,14,9,85.3,3
139/2,581,15,9,63.8,2
139/2,582,15,9,42.0,1
139/2,583,15,9,58.7,2
139/2,584,15,9,86.0,3
139/2,585,16,9,63.7,2
139/2,586,16,9,41.9,1
139/2,587,16,9,58.5,2
139/2,588,16,9,85.8,3
139/3,1,2,1,64.3,2
139/3,2,2,1,37.9,1
139/3,3,2,1,82.9,3
139/3,4,2,1,90.4,3
139/3,5,3,1,60.7,2
139/3,6,3,1,37.6,1
139/3,7,3,1,84.0,3
139/3,8,3,1,90.5,3
139/3,9,4,1,60.7,2
139/3,10,4,1,37.7,1
139/3,11,4,1,84.3,3
139/3,12,4,1,90.2,3
139/3,13,5,1,60.4,2
139/3,14,5,1,38.0,1
139/3,15,5,1,83.8,3
139/3,16,5,1,90.6,3
139/3,17,6,1,60.5,2
139/3,18,6,1,37.8,1
139/3,19,6,1,83.8,3
139/3,20,6,1,90.9,3
139/3,21,7,1,60.6,2
139/3,22,7,1,38.2,1
139/3,23,7,1,83.3,3
139/3,24,7,1,90.8,3
139/3,25,8,1,61.0,2
139/3,26,8,1,37.9,1
139/3,27,8,1,84.5,3
139/3,28,8,1,88.7,3
139/3,29,9,1,60.7,2
139/3,30,9,1,38.0,1
139/3,31,9,1,84.0,3
139/3,32,9,1,90.3,3
139/3,33,10,1,60.0,2
139/3,34,10,1,38.0,1
139/3,35,10,1,83.7,3
139/3,36,10,1,89.9,3
139/3,37,11,1,60.7,2
139/3,38,11,1,37.8,1
139/3,39,11,1,84.2,3
139/3,40,11,1,90.4,3
139/3,41,12,1,60.4,2
139/3,42,12,1,38.3,1
139/3,43,12,1,83.9,3
139/3,44,12,1,90.6,3
139/3,45,13,1,60.7,2
139/3,46,13,1,38.0,1
139/3,47,13,1,84.4,3
139/3,48,13,1,90.9,3
139/3,49,14,1,61.0,2
139/3,50,14,1,38.0,1
139/3,51,14,1,84.7,3
139/3,52,2,2,66.3,2
139/3,53,2,2,37.2,1
139/3,54,2,2,40.6,1
139/3,55,2,2,37.2,1
139/3,56,2,2,65.9,2
139/3,57,3,2,66.1,2
139/3,58,3,2,36.4,1
139/3,59,3,2,40.6,1
139/3,60,3,2,36.8,1
139/3,61,3,2,67.0,2
139/3,62,4,2,66.5,2
139/3,63,4,2,36.8,1
139/3,64,4,2,40.6,1
139/3,65,4,2,37.2,1
139/3,66,4,2,66.9,2
139/3,67,5,2,66.2,2
139/3,68,5,2,36.5,1
139/3,69,5,2,40.32222222222222,1
139/3,70,5,2,36.628571428571426,1
139/3,71,5,2,66.56,2
139/3,72,6,2,66.28888888888889,2
139/3,73,6,2,36.68,1
139/3,74,6,2,40.1,1
139/3,75,6,2,36.3,1
139/3,76,6,2,66.56,2
139/3,77,7,2,66.7,2
139/3,78,7,2,36.68,1
139/3,79,7,2,40.32222222222222,1
139/3,80,7,2,36.4,1
139/3,81,7,2,66.56,2
139/3,82,8,2,67.1,2
139/3,83,8,2,37.0,1
139/3,84,8,2,40.32222222222222,1
139/3,85,8,2,36.628571428571426,1
139/3,86,8,2,66.56,2
139/3,87,9,2,66.28888888888889,2
139/3,88,9,2,37.0,1
139/3,89,9,2,40.2,1
139/3,90,9,2,36.628571428571426,1
139/3,91,9,2,66.56,2
139/3,92,10,2,66.2,2
139/3,93,10,2,36.5,1
139/3,94,10,2,40.32222222222222,1
139/3,95,10,2,36.628571428571426,1
139/3,96,10,2,66.56,2
139/3,97,11,2,66.28888888888889,2
139/3,98,11,2,36.7,1
139/3,99,11,2,40.3,1
139/3,100,11,2,36.628571428571426,1
139/3,101,11,2,66.6,2
139/3,102,12,2,66.0,2
139/3,103,12,2,36.6,1
139/3,104,12,2,40.1,1
139/3,105,12,2,36.3,1
139/3,106,12,2,66.4,2
139/3,107,13,2,66.28888888888889,2
139/3,108,13,2,36.68,1
139/3,109,13,2,40.2,1
139/3,110,13,2,36.628571428571426,1
139/3,111,13,2,66.56,2
139/3,112,14,2,65.5,2
139/3,113,14,2,36.1,1
139/3,114,14,2,40.2,1
139/3,115,14,2,36.2,1
139/3,116,14,2,66.56,2
139/3,117,2,3,84.55,3
139/3,118,2,3,38.111111111111114,1
139/3,119,2,3,62.628571428571426,2
139/3,120,2,3,90.13333333333333,3
139/3,121,3,3,84.2,3
139/3,122,3,3,37.4,1
139/3,123,3,3,61.9,2
139/3,124,3,3,90.13333333333333,3
139/3,125,4,3,84.55,3
139/3,126,4,3,38.111111111111114,1
139/3,127,4,3,62.1,2
139/3,128,4,3,90.13333333333333,3
139/3,129,5,3,84.1,3
139/3,130,5,3,37.7,1
139/3,131,5,3,62.1,2
139/3,132,5,3,89.4,3
139/3,133,6,3,84.55,3
139/3,134,6,3,38.111111111111114,1
139/3,135,6,3,62.628571428571426,2
139/3,136,6,3,89.9,3
139/3,137,7,3,85.0,3
139/3,138,7,3,38.2,1
139/3,139,7,3,62.7,2
139/3,140,7,3,90.5,3
139/3,141,8,3,84.55,3
139/3,142,8,3,38.8,1
139/3,143,8,3,62.628571428571426,2
139/3,144,8,3,90.13333333333333,3
139/3,145,9,3,84.55,3
139/3,146,9,3,38.111111111111114,1
139/3,147,9,3,63.3,2
139/3,148,9,3,90.7,3
139/3,149,10,3,84.55,3
139/3,150,10,3,38.7,1
139/3,151,10,3,63.0,2
139/3,152,10,3,91.1,3
139/3,153,11,3,84.55,3
139/3,154,11,3,38.8,1
139/3,155,11,3,62.628571428571426,2
139/3,156,11,3,90.13333333333333,3
139/3,157,12,3,84.9,3
139/3,158,12,3,38.0,1
139/3,159,12,3,63.3,2
139/3,160,12,3,90.13333333333333,3
139/3,161,13,3,84.5,3
139/3,162,13,3,37.7,1
139/3,163,13,3,62.628571428571426,2
139/3,164,13,3,89.2,3
139/3,165,14,3,84.55,3
139/3,166,14,3,37.7,1
139/3,167,14,3,62.628571428571426,2
139/3,168,14,3,90.13333333333333,3
139/3,169,2,4,64.5,2
139/3,170,2,4,38.3,1
139/3,171,2,4,59.0,2
139/3,172,2,4,82.8,3
139/3,173,3,4,65.0,2
139/3,174,3,4,37.9,1
139/3,175,3,4,58.54545454545455,2
139/3,176,3,4,83.6,3
139/3,177,4,4,64.9,2
139/3,178,4,4,38.0,1
139/3,179,4,4,59.1,2
139/3,180,4,4,84.2,3
139/3,181,5,4,65.0,2
139/3,182,5,4,37.4,1
139/3,183,5,4,58.7,2
139/3,184,5,4,84.1,3
139/3,185,6,4,64.8,2
139/3,186,6,4,37.8,1
139/3,187,6,4,58.0,2
139/3,188,6,4,84.3,3
139/3,189,7,4,64.3,2
139/3,190,7,4,37.8,1
139/3,191,7,4,58.3,2
139/3,192,7,4,83.58888888888889,3
139/3,193,8,4,64.2,2
139/3,194,8,4,37.5,1
139/3,195,8,4,58.4,2
139/3,196,8,4,83.58888888888889,3
139/3,197,9,4,64.4,2
139/3,198,9,4,37.5,1
139/3,199,9,4,58.4,2
139/3,200,9,4,82.9,3
139/3,201,10,4,63.7,2
139/3,202,10,4,37.8,1
139/3,203,10,4,58.2,2
139/3,204,10,4,83.2,3
139/3,205,11,4,64.2,2
139/3,206,11,4,37.8,1
139/3,207,11,4,58.2,2
139/3,208,11,4,83.58888888888889,3
139/3,209,12,4,64.6,2
139/3,210,12,4,37.9,1
139/3,211,12,4,58.8,2
139/3,212,12,4,83.2,3
139/3,213,13,4,64.6,2
139/3,214,13,4,38.0,1
139/3,215,13,4,58.9,2
139/3,216,13,4,84.0,3
139/3,217,14,4,64.7,2
139/3,218,14,4,37.8,1
139/3,219,14,4,58.54545454545455,2
139/3,220,14,4,83.58888888888889,3
139/3,221,15,4,64.53076923076922,2
139/3,222,15,4,37.7,1
139/3,223,15,4,58.54545454545455,2
139/3,224,15,4,83.58888888888889,3
139/3,225,16,4,64.53076923076922,2
139/3,226,16,4,37.8,1
139/3,227,16,4,58.54545454545455,2
139/3,228,16,4,83.58888888888889,3
139/3,229,2,5,55.9,2
139/3,230,2,5,43.0,1
139/3,231,2,5,93.56,3
139/3,232,2,5,82.4,3
139/3,233,3,5,55.9,2
139/3,234,3,5,42.7,1
139/3,235,3,5,93.56,3
139/3,236,3,5,82.4,3
139/3,237,4,5,55.82857142857143,2
139/3,238,4,5,42.9,1
139/3,239,4,5,94.3,3
139/3,240,4,5,82.48888888888888,3
139/3,241,5,5,55.82857142857143,2
139/3,242,5,5,42.989999999999995,1
139/3,243,5,5,93.56,3
139/3,244,5,5,82.48888888888888,3
139/3,245,6,5,55.82857142857143,2
139/3,246,6,5,42.989999999999995,1
139/3,247,6,5,93.1,3
139/3,248,6,5,82.48888888888888,3
139/3,249,7,5,55.82857142857143,2
139/3,250,7,5,42.989999999999995,1
139/3,251,7,5,93.56,3
139/3,252,7,5,82.1,3
139/3,253,8,5,55.7,2
139/3,254,8,5,42.7,1
139/3,255,8,5,93.9,3
139/3,256,8,5,83.2,3
139/3,257,9,5,55.82857142857143,2
139/3,258,9,5,43.0,1
139/3,259,9,5,94.4,3
139/3,260,9,5,82.48888888888888,3
139/3,261,10,5,56.2,2
139/3,262,10,5,42.989999999999995,1
139/3,263,10,5,93.9,3
139/3,264,10,5,82.48888888888888,3
139/3,265,11,5,55.82857142857143,2
139/3,266,11,5,43.1,1
139/3,267,11,5,93.4,3
139/3,268,11,5,82.7,3
139/3,269,12,5,55.82857142857143,2
139/3,270,12,5,43.3,1
139/3,271,12,5,93.6,3
139/3,272,12,5,82.48888888888888,3
139/3,273,13,5,56.0,2
139/3,274,13,5,43.0,1
139/3,275,13,5,93.56,3
139/3,276,13,5,82.7,3
139/3,277,14,5,55.82857142857143,2
139/3,278,14,5,42.989999999999995,1
139/3,279,14,5,93.56,3
139/3,280,14,5,82.48888888888888,3
139/3,281,15,5,55.82857142857143,2
139/3,282,15,5,43.1,1
139/3,283,15,5,93.56,3
139/3,284,15,5,82.48888888888888,3
139/3,285,16,5,55.5,2
139/3,286,16,5,42.989999999999995,1
139/3,287,16,5,93.2,3
139/3,288,16,5,82.4,3
139/3,289,17,5,55.82857142857143,2
139/3,290,17,5,42.989999999999995,1
139/3,291,17,5,93.0,3
139/3,292,17,5,82.4,3
139/3,293,18,5,55.6,2
139/3,294,18,5,43.1,1
139/3,295,18,5,92.8,3
139/3,296,18,5,82.1,3
139/3,297,2,6,65.1,2
139/3,298,2,6,38.1,1
139/3,299,2,6,37.0,1
139/3,300,2,6,66.7,2
139/3,301,3,6,64.0,2
139/3,302,3,6,38.2,1
139/3,303,3,6,37.1,1
139/3,304,3,6,66.7,2
139/3,305,4,6,63.7,2
139/3,306,4,6,37.9,1
139/3,307,4,6,37.1,1
139/3,308,4,6,66.3,2
139/3,309,5,6,63.6,2
139/3,310,5,6,38.2,1
139/3,311,5,6,37.1,1
139/3,312,5,6,66.0,2
139/3,313,6,6,63.6,2
139/3,314,6,6,38.160000000000004,1
139/3,315,6,6,36.9,1
139/3,316,6,6,66.35000000000001,2
139/3,317,7,6,64.06363636363636,2
139/3,318,7,6,38.160000000000004,1
139/3,319,7,6,37.17272727272727,1
139/3,320,7,6,66.35000000000001,2
139/3,321,8,6,64.06363636363636,2
139/3,322,8,6,38.160000000000004,1
139/3,323,8,6,37.17272727272727,1
139/3,324,8,6,66.3,2
139/3,325,9,6,64.06363636363636,2
139/3,326,9,6,38.160000000000004,1
139/3,327,9,6,37.17272727272727,1
139/3,328,9,6,66.0,2
139/3,329,10,6,64.2,2
139/3,330,10,6,38.5,1
139/3,331,10,6,37.3,1
139/3,332,10,6,66.7,2
139/3,333,11,6,64.3,2
139/3,334,11,6,38.5,1
139/3,335,11,6,37.17272727272727,1
139/3,336,11,6,66.3,2
139/3,337,12,6,64.06363636363636,2
139/3,338,12,6,38.160000000000004,1
139/3,339,12,6,37.2,1
139/3,340,12,6,66.2,2
139/3,341,13,6,64.1,2
139/3,342,13,6,38.1,1
139/3,343,13,6,37.3,1
139/3,344,13,6,66.3,2
139/3,345,14,6,63.9,2
139/3,346,14,6,38.2,1
139/3,347,14,6,37.4,1
139/3,348,14,6,63.7,2
139/3,349,15,6,64.1,2
139/3,350,15,6,38.2,1
139/3,351,15,6,37.3,1
139/3,352,15,6,66.6,2
139/3,353,16,6,64.1,2
139/3,354,16,6,37.7,1
139/3,355,16,6,37.2,1
139/3,356,16,6,66.1,2
139/3,357,2,7,68.6,2
139/3,358,2,7,38.3,1
139/3,359,2,7,34.3,1
139/3,360,2,7,70.4,2
139/3,361,3,7,68.4,2
139/3,362,3,7,38.1,1
139/3,363,3,7,33.9,1
139/3,364,3,7,70.1,2
139/3,365,4,7,67.9,2
139/3,366,4,7,38.3,1
139/3,367,4,7,34.0,1
139/3,368,4,7,69.8,2
139/3,369,5,7,68.0,2
139/3,370,5,7,38.3,1
139/3,371,5,7,33.8,1
139/3,372,5,7,70.4,2
139/3,373,6,7,68.1,2
139/3,374,6,7,38.3,1
139/3,375,6,7,34.0,1
139/3,376,6,7,69.9,2
139/3,377,7,7,68.4,2
139/3,378,7,7,38.2,1
139/3,379,7,7,34.0,1
139/3,380,7,7,69.1,2
139/3,381,8,7,68.1,2
139/3,382,8,7,38.5,1
139/3,383,8,7,34.1,1
139/3,384,8,7,70.2,2
139/3,385,9,7,68.8,2
139/3,386,9,7,38.6,1
139/3,387,9,7,34.1,1
139/3,388,9,7,70.2,2
139/3,389,10,7,68.0,2
139/3,390,10,7,38.3,1
139/3,391,10,7,33.8,1
139/3,392,10,7,69.1,2
139/3,393,11,7,68.6,2
139/3,394,11,7,38.5,1
139/3,395,11,7,33.9,1
139/3,396,11,7,70.5,2
139/3,397,12,7,67.9,2
139/3,398,12,7,38.3,1
139/3,399,12,7,33.8,1
139/3,400,12,7,69.7,2
139/3,401,13,7,68.4,2
139/3,402,13,7,38.2,1
139/3,403,13,7,33.9,1
139/3,404,13,7,68.5,2
139/3,405,14,7,68.0,2
139/3,406,14,7,38.0,1
139/3,407,14,7,34.0,1
139/3,408,14,7,69.4,2
139/3,409,15,7,67.6,2
139/3,410,15,7,38.1,1
139/3,411,15,7,34.1,1
139/3,412,15,7,69.8,2
139/3,413,16,7,68.0,2
139/3,414,16,7,37.9,1
139/3,415,16,7,34.2,1
139/3,416,16,7,69.9,2
139/3,417,17,7,68.0,2
139/3,418,17,7,38.3,1
139/3,419,17,7,34.1,1
139/3,420,17,7,70.0,2
139/3,421,18,7,68.2,2
139/3,422,18,7,38.1,1
139/3,423,18,7,33.8,1
139/3,424,18,7,69.6,2
139А/1,1,2,1,65.3,2
139А/1,2,2,1,37.7,1
139А/1,3,2,1,37.2,1
139А/1,4,2,1,62.4,2
139А/1,5,3,1,64.5,2
139А/1,6,3,1,38.0,1
139А/1,7,3,1,37.2,1
139А/1,8,3,1,61.8,2
139А/1,9,4,1,64.8,2
139А/1,10,4,1,37.4,1
139А/1,11,4,1,37.2,1
139А/1,12,4,1,61.5,2
139А/1,13,5,1,64.5,2
139А/1,14,5,1,38.3,1
139А/1,15,5,1,37.1,1
139А/1,16,5,1,61.8,2
139А/1,17,6,1,65.0,2
139А/1,18,6,1,38.0,1
139А/1,19,6,1,37.3,1
139А/1,20,6,1,61.9,2
139А/1,21,7,1,64.5,2
139А/1,22,7,1,37.6,1
139А/1,23,7,1,37.2,1
139А/1,24,7,1,61.4,2
139А/1,25,8,1,64.3,2
139А/1,26,8,1,37.4,1
139А/1,27,8,1,36.9,1
139А/1,28,8,1,61.4,2
139А/1,29,9,1,64.4,2
139А/1,30,9,1,37.5,1
139А/1,31,9,1,37.1,1
139А/1,32,9,1,61.6,2
139А/1,33,10,1,64.0,2
139А/1,34,10,1,37.5,1
139А/1,35,10,1,37.1,1
139А/1,36,10,1,61.2,2
139А/1,37,11,1,64.1,2
139А/1,38,11,1,37.5,1
139А/1,39,11,1,37.3,1
139А/1,40,11,1,60.6,2
139А/1,41,12,1,63.9,2
139А/1,42,12,1,37.5,1
139А/1,43,12,1,37.5,1
139А/1,44,12,1,61.0,2
139А/1,45,13,1,64.4,2
139А/1,46,13,1,37.6,1
139А/1,47,13,1,37.2,1
139А/1,48,13,1,61.2,2
139А/1,49,14,1,64.0,2
139А/1,50,14,1,37.5,1
139А/1,51,14,1,37.4,1
139А/1,52,14,1,61.4,2
139А/1,53,15,1,64.0,2
139А/1,54,15,1,37.6,1
139А/1,55,15,1,37.5,1
139А/1,56,15,1,61.3,2
139А/1,57,16,1,63.9,2
139А/1,58,16,1,37.7,1
139А/1,59,16,1,37.1,1
139А/1,60,16,1,61.3,2
139А/1,61,2,2,64.1,2
139А/1,62,2,2,37.6,1
139А/1,63,2,2,37.7,1
139А/1,64,2,2,62.0,2
139А/1,65,3,2,64.1,2
139А/1,66,3,2,37.7,1
139А/1,67,3,2,37.7,1
139А/1,68,3,2,61.9,2
139А/1,69,4,2,64.4,2
139А/1,70,4,2,37.5,1
139А/1,71,4,2,37.7,1
139А/1,72,4,2,62.3,2
139А/1,73,5,2,64.5,2
139А/1,74,5,2,37.7,1
139А/1,75,5,2,37.5,1
139А/1,76,5,2,62.2,2
139А/1,77,6,2,64.0,2
139А/1,78,6,2,37.7,1
139А/1,79,6,2,37.5,1
139А/1,80,6,2,62.1,2
139А/1,81,7,2,64.0,2
139А/1,82,7,2,37.5,1
139А/1,83,7,2,37.3,1
139А/1,84,7,2,61.6,2
139А/1,85,8,2,64.6,2
139А/1,86,8,2,37.7,1
139А/1,87,8,2,37.5,1
139А/1,88,8,2,61.7,2
139А/1,89,9,2,64.7,2
139А/1,90,9,2,37.8,1
139А/1,91,9,2,37.8,1
139А/1,92,9,2,62.0,2
139А/1,93,10,2,64.6,2
139А/1,94,10,2,37.9,1
139А/1,95,10,2,38.0,1
139А/1,96,10,2,62.1,2
139А/1,97,11,2,64.8,2
139А/1,98,11,2,37.9,1
139А/1,99,11,2,38.0,1
139А/1,100,11,2,62.0,2
139А/1,101,12,2,64.3,2
139А/1,102,12,2,37.9,1
139А/1,103,12,2,38.0,1
139А/1,104,12,2,62.0,2
139А/1,105,13,2,64.3,2
139А/1,106,13,2,38.0,1
139А/1,107,13,2,38.1,1
139А/1,108,13,2,62.0,2
139А/1,109,14,2,64.3,2
139А/1,110,14,2,38.0,1
139А/1,111,14,2,38.2,1
139А/1,112,14,2,62.0,2
139А/1,113,2,3,82.3,3
139А/1,114,2,3,94.2,3
139А/1,115,2,3,43.0,1
139А/1,116,2,3,56.0,2
139А/1,117,3,3,82.9,3
139А/1,118,3,3,93.9,3
139А/1,119,3,3,43.5,1
139А/1,120,3,3,56.1,2
139А/1,121,4,3,82.9,3
139А/1,122,4,3,93.1,3
139А/1,123,4,3,43.7,1
139А/1,124,4,3,56.6,2
139А/1,125,5,3,83.1,3
139А/1,126,5,3,93.9,3
139А/1,127,5,3,43.6,1
139А/1,128,5,3,56.9,2
139А/1,129,6,3,83.3,3
139А/1,130,6,3,93.9,3
139А/1,131,6,3,43.9,1
139А/1,132,6,3,56.5,2
139А/1,133,7,3,83.0,3
139А/1,134,7,3,93.9,3
139А/1,135,7,3,43.8,1
139А/1,136,7,3,56.2,2
139А/1,137,8,3,83.0,3
139А/1,138,8,3,93.6,3
139А/1,139,8,3,43.4,1
139А/1,140,8,3,56.5,2
139А/1,141,9,3,83.4,3
139А/1,142,9,3,93.6,3
139А/1,143,9,3,43.1,1
139А/1,144,9,3,56.5,2
139А/1,145,10,3,82.9,3
139А/1,146,10,3,92.8,3
139А/1,147,10,3,43.3,1
139А/1,148,10,3,56.2,2
139А/1,149,11,3,82.8,3
139А/1,150,11,3,93.2,3
139А/1,151,11,3,43.5,1
139А/1,152,11,3,56.5,2
139А/1,153,12,3,83.3,3
139А/1,154,12,3,93.4,3
139А/1,155,12,3,43.1,1
139А/1,156,12,3,56.3,2
139А/1,157,13,3,83.3,3
139А/1,158,13,3,94.1,3
139А/1,159,13,3,43.5,1
139А/1,160,13,3,56.6,2
139А/1,161,14,3,82.8,3
139А/1,162,14,3,93.6,3
139А/1,163,14,3,43.7,1
139А/1,164,14,3,56.7,2
139А/1,165,15,3,82.8,3
139А/1,166,15,3,93.5,3
139А/1,167,15,3,43.9,1
139А/1,168,15,3,56.2,2
139А/1,169,16,3,83.6,3
139А/1,170,16,3,93.9,3
139А/1,171,16,3,43.6,1
139А/1,172,16,3,56.3,2
139А/1,173,2,4,63.6,2
139А/1,174,2,4,39.9,1
139А/1,175,2,4,40.0,1
139А/1,176,2,4,56.3,2
139А/1,177,3,4,63.4,2
139А/1,178,3,4,39.0,1
139А/1,179,3,4,39.1,1
139А/1,180,3,4,60.2,2
139А/1,181,4,4,63.5,2
139А/1,182,4,4,38.3,1
139А/1,183,4,4,38.8,1
139А/1,184,4,4,60.8,2
139А/1,185,5,4,63.0,2
139А/1,186,5,4,39.5,1
139А/1,187,5,4,38.5,1
139А/1,188,5,4,60.8,2
139А/1,189,6,4,63.6,2
139А/1,190,6,4,38.9,1
139А/1,191,6,4,39.1,1
139А/1,192,6,4,60.3,2
139А/1,193,7,4,64.1,2
139А/1,194,7,4,39.6,1
139А/1,195,7,4,39.4,1
139А/1,196,7,4,61.0,2
139А/1,197,8,4,63.6,2
139А/1,198,8,4,39.8,1
139А/1,199,8,4,39.3,1
139А/1,200,8,4,60.7,2
139А/1,201,9,4,62.9,2
139А/1,202,9,4,39.8,1
139А/1,203,9,4,39.3,1
139А/1,204,9,4,60.5,2
139А/1,205,10,4,63.3,2
139А/1,206,10,4,39.8,1
139А/1,207,10,4,39.2,1
139А/1,208,10,4,61.4,2
139А/1,209,11,4,63.6,2
139А/1,210,11,4,39.8,1
139А/1,211,11,4,39.0,1
139А/1,212,11,4,61.0,2
139А/1,213,12,4,63.0,2
139А/1,214,12,4,39.3,1
139А/1,215,12,4,39.0,1
139А/1,216,12,4,60.5,2
139А/1,217,13,4,63.4,2
139А/1,218,13,4,39.7,1
139А/1,219,13,4,39.5,1
139А/1,220,13,4,61.1,2
139А/1,221,14,4,63.6,2
139А/1,222,14,4,39.8,1
139А/1,223,14,4,39.6,1
139А/1,224,14,4,60.9,2
139А/1,225,2,5,63.9,2
139А/1,226,2,5,40.3,1
139А/1,227,2,5,61.3,2
139А/1,228,2,5,82.8,3
139А/1,229,3,5,63.6,2
139А/1,230,3,5,39.5,1
139А/1,231,3,5,61.2,2
139А/1,232,3,5,82.4,3
139А/1,233,4,5,63.8,2
139А/1,234,4,5,40.1,1
139А/1,235,4,5,58.3,2
139А/1,236,4,5,82.3,3
139А/1,237,5,5,63.4,2
139А/1,238,5,5,39.9,1
139А/1,239,5,5,60.9,2
139А/1,240,5,5,82.3,3
139А/1,241,6,5,63.4,2
139А/1,242,6,5,39.7,1
139А/1,243,6,5,61.0,2
139А/1,244,6,5,81.9,3
139А/1,245,7,5,63.1,2
139А/1,246,7,5,40.3,1
139А/1,247,7,5,61.2,2
139А/1,248,7,5,81.8,3
139А/1,249,8,5,63.0,2
139А/1,250,8,5,40.0,1
139А/1,251,8,5,61.1,2
139А/1,252,8,5,82.3,3
139А/1,253,9,5,63.5,2
139А/1,254,9,5,39.9,1
139А/1,255,9,5,60.8,2
139А/1,256,9,5,80.8,3
139А/1,257,10,5,63.4,2
139А/1,258,10,5,39.2,1
139А/1,259,10,5,60.8,2
139А/1,260,10,5,82.3,3
139А/1,261,11,5,63.5,2
139А/1,262,11,5,40.0,1
139А/1,263,11,5,60.4,2
139А/1,264,11,5,82.3,3
139А/1,265,12,5,63.3,2
139А/1,266,12,5,39.5,1
139А/1,267,12,5,60.8,2
139А/1,268,12,5,81.8,3
139А/1,269,13,5,63.7,2
139А/1,270,13,5,39.3,1
139А/1,271,13,5,60.6,2
139А/1,272,13,5,82.6,3
139А/1,273,14,5,63.0,2
139А/1,274,14,5,39.6,1
139А/1,275,14,5,60.8,2
139А/1,276,14,5,82.4,3
139А/1,277,2,6,54.6,2
139А/1,278,2,6,42.1,1
139А/1,279,2,6,88.9,3
139А/1,280,2,6,80.3,3
139А/1,281,3,6,54.8,2
139А/1,282,3,6,42.8,1
139А/1,283,3,6,92.7,3
139А/1,284,3,6,82.6,3
139А/1,285,4,6,55.1,2
139А/1,286,4,6,42.6,1
139А/1,287,4,6,91.7,3
139А/1,288,4,6,81.6,3
139А/1,289,5,6,56.3,2
139А/1,290,5,6,42.9,1
139А/1,291,5,6,93.1,3
139А/1,292,5,6,83.0,3
139А/1,293,6,6,56.3,2
139А/1,294,6,6,42.6,1
139А/1,295,6,6,93.4,3
139А/1,296,6,6,83.1,3
139А/1,297,7,6,55.9,2
139А/1,298,7,6,42.7,1
139А/1,299,7,6,93.8,3
139А/1,300,7,6,82.4,3
139А/1,301,8,6,56.2,2
139А/1,302,8,6,42.9,1
139А/1,303,8,6,92.7,3
139А/1,304,8,6,83.2,3
139А/1,305,9,6,55.8,2
139А/1,306,9,6,42.5,1
139А/1,307,9,6,92.7,3
139А/1,308,9,6,82.5,3
139А/1,309,10,6,55.6,2
139А/1,310,10,6,42.5,1
139А/1,311,10,6,92.4,3
139А/1,312,10,6,82.8,3
139А/1,313,11,6,55.6,2
139А/1,314,11,6,42.4,1
139А/1,315,11,6,92.3,3
139А/1,316,11,6,82.9,3
139А/1,317,12,6,55.6,2
139А/1,318,12,6,41.9,1
139А/1,319,12,6,92.9,3
139А/1,320,12,6,82.9,3
139А/1,321,13,6,55.7,2
139А/1,322,13,6,42.4,1
139А/1,323,13,6,92.9,3
139А/1,324,13,6,82.8,3
139А/1,325,14,6,55.5,2
139А/1,326,14,6,42.4,1
139А/1,327,14,6,92.4,3
139А/1,328,14,6,82.4,3
139А/1,329,15,6,55.4,2
139А/1,330,15,6,42.6,1
139А/1,331,15,6,92.6,3
139А/1,332,15,6,82.3,3
139А/1,333,16,6,55.6,2
139А/1,334,16,6,42.8,1
139А/1,335,16,6,92.5,3
139А/1,336,16,6,82.1,3
139А/1,337,2,7,61.5,2
139А/1,338,2,7,37.6,1
139А/1,339,2,7,37.0,1
139А/1,340,2,7,59.3,2
139А/1,341,3,7,64.0,2
139А/1,342,3,7,37.8,1
139А/1,343,3,7,37.5,1
139А/1,344,3,7,60.6,2
139А/1,345,4,7,63.3,2
139А/1,346,4,7,38.2,1
139А/1,347,4,7,37.4,1
139А/1,348,4,7,61.0,2
139А/1,349,5,7,63.4,2
139А/1,350,5,7,38.3,1
139А/1,351,5,7,37.5,1
139А/1,352,5,7,60.8,2
139А/1,353,6,7,63.3,2
139А/1,354,6,7,37.9,1
139А/1,355,6,7,37.3,1
139А/1,356,6,7,62.6,2
139А/1,357,7,7,63.3,2
139А/1,358,7,7,38.2,1
139А/1,359,7,7,37.6,1
139А/1,360,7,7,61.2,2
139А/1,361,8,7,64.3,2
139А/1,362,8,7,38.1,1
139А/1,363,8,7,37.7,1
139А/1,364,8,7,60.3,2
139А/1,365,9,7,64.2,2
139А/1,366,9,7,38.3,1
139А/1,367,9,7,37.9,1
139А/1,368,9,7,61.5,2
139А/1,369,10,7,64.4,2
139А/1,370,10,7,38.5,1
139А/1,371,10,7,38.1,1
139А/1,372,10,7,62.4,2
139А/1,373,11,7,63.9,2
139А/1,374,11,7,38.6,1
139А/1,375,11,7,37.3,1
139А/1,376,11,7,61.5,2
139А/1,377,12,7,63.3,2
139А/1,378,12,7,38.2,1
139А/1,379,12,7,37.6,1
139А/1,380,12,7,62.0,2
139А/1,381,13,7,64.3,2
139А/1,382,13,7,38.2,1
139А/1,383,13,7,37.4,1
139А/1,384,13,7,62.2,2
139А/1,385,14,7,64.1,2
139А/1,386,14,7,38.0,1
139А/1,387,14,7,37.1,1
139А/1,388,14,7,64.0,2
139А/1,389,2,8,62.2,2
139А/1,390,2,8,37.2,1
139А/1,391,2,8,36.5,1
139А/1,392,2,8,60.0,2
139А/1,393,3,8,60.8,2
139А/1,394,3,8,37.0,1
139А/1,395,3,8,36.7,1
139А/1,396,3,8,58.3,2
139А/1,397,4,8,63.2,2
139А/1,398,4,8,37.5,1
139А/1,399,4,8,36.9,1
139А/1,400,4,8,60.8,2
139А/1,401,5,8,63.9,2
139А/1,402,5,8,38.0,1
139А/1,403,5,8,37.3,1
139А/1,404,5,8,61.5,2
139А/1,405,6,8,63.8,2
139А/1,406,6,8,37.4,1
139А/1,407,6,8,36.8,1
139А/1,408,6,8,61.1,2
139А/1,409,7,8,63.2,2
139А/1,410,7,8,38.0,1
139А/1,411,7,8,37.7,1
139А/1,412,7,8,61.0,2
139А/1,413,8,8,63.6,2
139А/1,414,8,8,37.7,1
139А/1,415,8,8,37.1,1
139А/1,416,8,8,61.5,2
139А/1,417,9,8,63.7,2
139А/1,418,9,8,38.6,1
139А/1,419,9,8,37.8,1
139А/1,420,9,8,61.9,2
139А/1,421,10,8,63.6,2
139А/1,422,10,8,38.1,1
139А/1,423,10,8,37.7,1
139А/1,424,10,8,61.3,2
139А/1,425,11,8,64.3,2
139А/1,426,11,8,38.5,1
139А/1,427,11,8,37.3,1
139А/1,428,11,8,62.3,2
139А/1,429,12,8,63.8,2
139А/1,430,12,8,37.6,1
139А/1,431,12,8,36.7,1
139А/1,432,12,8,61.0,2
139А/2,1,2,1,69.8,2
139А/2,2,2,1,38.6,1
139А/2,3,2,1,38.6,1
139А/2,4,2,1,67.3,2
139А/2,5,3,1,68.8,2
139А/2,6,3,1,37.4,1
139А/2,7,3,1,37.4,1
139А/2,8,3,1,66.0,2
139А/2,9,4,1,68.9,2
139А/2,10,4,1,38.3,1
139А/2,11,4,1,37.8,1
139А/2,12,4,1,66.4,2
139А/2,13,5,1,68.4,2
139А/2,14,5,1,38.3,1
139А/2,15,5,1,37.6,1
139А/2,16,5,1,66.1,2
139А/2,17,6,1,69.5,2
139А/2,18,6,1,38.1,1
139А/2,19,6,1,38.0,1
139А/2,20,6,1,66.7,2
139А/2,21,7,1,69.3,2
139А/2,22,7,1,38.4,1
139А/2,23,7,1,38.0,1
139А/2,24,7,1,66.5,2
139А/2,25,8,1,69.2,2
139А/2,26,8,1,38.3,1
139А/2,27,8,1,38.4,1
139А/2,28,8,1,66.7,2
139А/2,29,9,1,68.9,2
139А/2,30,9,1,38.1,1
139А/2,31,9,1,38.1,1
139А/2,32,9,1,66.4,2
139А/2,33,10,1,69.4,2
139А/2,34,10,1,38.2,1
139А/2,35,10,1,38.1,1
139А/2,36,10,1,66.5,2
139А/2,37,11,1,69.2,2
139А/2,38,11,1,38.3,1
139А/2,39,11,1,37.9,1
139А/2,40,11,1,66.4,2
139А/2,41,12,1,68.9,2
139А/2,42,12,1,38.3,1
139А/2,43,12,1,38.1,1
139А/2,44,12,1,66.5,2
139А/2,45,13,1,68.3,2
139А/2,46,13,1,38.2,1
139А/2,47,13,1,37.6,1
139А/2,48,13,1,65.9,2
139А/2,49,14,1,68.2,2
139А/2,50,14,1,37.7,1
139А/2,51,14,1,37.6,1
139А/2,52,14,1,65.8,2
139А/2,53,2,2,68.4,2
139А/2,54,2,2,38.2,1
139А/2,55,2,2,37.6,1
139А/2,56,2,2,62.2,2
139А/2,57,3,2,68.5,2
139А/2,58,3,2,37.6,1
139А/2,59,3,2,37.5,1
139А/2,60,3,2,61.8,2
139А/2,61,4,2,68.5,2
139А/2,62,4,2,37.9,1
139А/2,63,4,2,37.3,1
139А/2,64,4,2,61.2,2
139А/2,65,5,2,68.3,2
139А/2,66,5,2,37.9,1
139А/2,67,5,2,37.7,1
139А/2,68,5,2,61.4,2
139А/2,69,6,2,68.7,2
139А/2,70,6,2,38.3,1
139А/2,71,6,2,37.8,1
139А/2,72,6,2,61.7,2
139А/2,73,7,2,68.1,2
139А/2,74,7,2,37.8,1
139А/2,75,7,2,37.8,1
139А/2,76,7,2,61.7,2
139А/2,77,8,2,68.5,2
139А/2,78,8,2,37.9,1
139А/2,79,8,2,37.7,1
139А/2,80,8,2,61.9,2
139А/2,81,9,2,68.8,2
139А/2,82,9,2,38.1,1
139А/2,83,9,2,37.8,1
139А/2,84,9,2,61.6,2
139А/2,85,10,2,68.6,2
139А/2,86,10,2,38.0,1
139А/2,87,10,2,37.9,1
139А/2,88,10,2,61.8,2
139А/2,89,11,2,68.9,2
139А/2,90,11,2,37.9,1
139А/2,91,11,2,37.8,1
139А/2,92,11,2,62.1,2
139А/2,93,12,2,69.0,2
139А/2,94,12,2,38.1,1
139А/2,95,12,2,37.7,1
139А/2,96,12,2,61.8,2
139А/2,97,13,2,69.4,2
139А/2,98,13,2,38.2,1
139А/2,99,13,2,37.7,1
139А/2,100,13,2,62.8,2
139А/2,101,14,2,68.2,2
139А/2,102,14,2,37.8,1
139А/2,103,14,2,37.4,1
139А/2,104,14,2,61.8,2
139А/2,105,15,2,68.2,2
139А/2,106,15,2,37.5,1
139А/2,107,15,2,37.7,1
139А/2,108,15,2,61.9,2
139А/2,109,16,2,68.2,2
139А/2,110,16,2,37.8,1
139А/2,111,16,2,37.5,1
139А/2,112,16,2,61.4,2
139А/2,113,2,3,83.6,3
139А/2,114,2,3,27.6,1
139А/2,115,2,3,43.9,1
139А/2,116,2,3,57.3,2
139А/2,117,3,3,82.7,3
139А/2,118,3,3,94.1,3
139А/2,119,3,3,43.3,1
139А/2,120,3,3,56.9,2
139А/2,121,4,3,84.0,3
139А/2,122,4,3,93.8,3
139А/2,123,4,3,43.4,1
139А/2,124,4,3,57.0,2
139А/2,125,5,3,79.1,3
139А/2,126,5,3,94.4,3
139А/2,127,5,3,43.6,1
139А/2,128,5,3,57.1,2
139А/2,129,6,3,84.4,3
139А/2,130,6,3,94.4,3
139А/2,131,6,3,43.6,1
139А/2,132,6,3,57.2,2
139А/2,133,7,3,84.4,3
139А/2,134,7,3,94.5,3
139А/2,135,7,3,43.6,1
139А/2,136,7,3,57.0,2
139А/2,137,8,3,84.6,3
139А/2,138,8,3,94.4,3
139А/2,139,8,3,43.5,1
139А/2,140,8,3,57.2,2
139А/2,141,9,3,84.6,3
139А/2,142,9,3,94.4,3
139А/2,143,9,3,44.0,1
139А/2,144,9,3,57.3,2
139А/2,145,10,3,84.0,3
139А/2,146,10,3,94.2,3
139А/2,147,10,3,43.5,1
139А/2,148,10,3,57.2,2
139А/2,149,11,3,83.4,3
139А/2,150,11,3,93.2,3
139А/2,151,11,3,43.6,1
139А/2,152,11,3,56.8,2
139А/2,153,12,3,84.2,3
139А/2,154,12,3,94.0,3
139А/2,155,12,3,43.6,1
139А/2,156,12,3,57.0,2
139А/2,157,13,3,83.1,3
139А/2,158,13,3,94.4,3
139А/2,159,13,3,43.5,1
139А/2,160,13,3,57.2,2
139А/2,161,14,3,83.4,3
139А/2,162,14,3,93.3,3
139А/2,163,14,3,43.4,1
139А/2,164,14,3,56.4,2
139А/2,165,15,3,82.8,3
139А/2,166,15,3,93.7,3
139А/2,167,15,3,43.4,1
139А/2,168,15,3,56.3,2
139А/2,169,16,3,82.9,3
139А/2,170,16,3,91.1,3
139А/2,171,16,3,43.4,1
139А/2,172,16,3,56.6,2
139А/2,173,17,3,83.4,3
139А/2,174,17,3,93.2,3
139А/2,175,17,3,43.0,1
139А/2,176,17,3,56.3,2
139А/2,177,18,3,82.3,3
139А/2,178,18,3,93.2,3
139А/2,179,18,3,42.8,1
139А/2,180,18,3,56.1,2
139А/2,181,2,4,65.1,2
139А/2,182,2,4,38.3,1
139А/2,183,2,4,59.1,2
139А/2,184,2,4,83.2,3
139А/2,185,3,4,65.1,2
139А/2,186,3,4,37.8,1
139А/2,187,3,4,58.7,2
139А/2,188,3,4,84.3,3
139А/2,189,4,4,64.5,2
139А/2,190,4,4,37.8,1
139А/2,191,4,4,58.9,2
139А/2,192,4,4,84.3,3
139А/2,193,5,4,64.8,2
139А/2,194,5,4,37.9,1
139А/2,195,5,4,58.9,2
139А/2,196,5,4,84.4,3
139А/2,197,6,4,64.3,2
139А/2,198,6,4,37.8,1
139А/2,199,6,4,58.7,2
139А/2,200,6,4,84.5,3
139А/2,201,7,4,64.9,2
139А/2,202,7,4,37.7,1
139А/2,203,7,4,58.7,2
139А/2,204,7,4,84.7,3
139А/2,205,8,4,64.7,2
139А/2,206,8,4,37.9,1
139А/2,207,8,4,58.9,2
139А/2,208,8,4,84.6,3
139А/2,209,9,4,64.8,2
139А/2,210,9,4,37.7,1
139А/2,211,9,4,58.8,2
139А/2,212,9,4,84.6,3
139А/2,213,10,4,64.6,2
139А/2,214,10,4,37.8,1
139А/2,215,10,4,58.0,2
139А/2,216,10,4,84.4,3
139А/2,217,11,4,64.4,2
139А/2,218,11,4,37.7,1
139А/2,219,11,4,58.5,2
139А/2,220,11,4,84.5,3
139А/2,221,12,4,64.1,2
139А/2,222,12,4,37.9,1
139А/2,223,12,4,58.4,2
139А/2,224,12,4,84.2,3
139А/2,225,13,4,64.7,2
139А/2,226,13,4,38.0,1
139А/2,227,13,4,58.4,2
139А/2,228,13,4,84.2,3
139А/2,229,14,4,64.6,2
139А/2,230,14,4,37.9,1
139А/2,231,14,4,58.0,2
139А/2,232,14,4,83.9,3
139А/2,233,2,5,63.8,2
139А/2,234,2,5,38.2,1
139А/2,235,2,5,38.0,1
139А/2,236,2,5,22.2,1
139А/2,237,3,5,63.9,2
139А/2,238,3,5,37.7,1
139А/2,239,3,5,37.3,1
139А/2,240,3,5,61.1,2
139А/2,241,4,5,63.6,2
139А/2,242,4,5,38.2,1
139А/2,243,4,5,37.6,1
139А/2,244,4,5,61.5,2
139А/2,245,5,5,64.7,2
139А/2,246,5,5,37.9,1
139А/2,247,5,5,37.7,1
139А/2,248,5,5,62.3,2
139А/2,249,6,5,64.4,2
139А/2,250,6,5,37.7,1
139А/2,251,6,5,37.4,1
139А/2,252,6,5,62.4,2
139А/2,253,7,5,64.6,2
139А/2,254,7,5,37.9,1
139А/2,255,7,5,37.6,1
139А/2,256,7,5,62.6,2
139А/2,257,8,5,64.8,2
139А/2,258,8,5,38.1,1
139А/2,259,8,5,37.8,1
139А/2,260,8,5,62.5,2
139А/2,261,9,5,65.1,2
139А/2,262,9,5,38.1,1
139А/2,263,9,5,37.9,1
139А/2,264,9,5,62.7,2
139А/2,265,10,5,65.1,2
139А/2,266,10,5,38.4,1
139А/2,267,10,5,37.7,1
139А/2,268,10,5,62.6,2
139А/2,269,11,5,65.1,2
139А/2,270,11,5,38.3,1
139А/2,271,11,5,38.0,1
139А/2,272,11,5,62.8,2
139А/2,273,12,5,64.6,2
139А/2,274,12,5,37.6,1
139А/2,275,12,5,37.4,1
139А/2,276,12,5,61.8,2
139А/2,277,13,5,64.6,2
139А/2,278,13,5,38.1,1
139А/2,279,13,5,37.5,1
139А/2,280,13,5,61.8,2
139А/2,281,14,5,64.4,2
139А/2,282,14,5,37.6,1
139А/2,283,14,5,37.4,1
139А/2,284,14,5,61.4,2
139А/2,285,2,6,55.9,2
139А/2,286,2,6,42.8,1
139А/2,287,2,6,58.9,2
139А/2,288,2,6,82.8,3
139А/2,289,3,6,56.3,2
139А/2,290,3,6,42.9,1
139А/2,291,3,6,93.8,3
139А/2,292,3,6,83.3,3
139А/2,293,4,6,56.3,2
139А/2,294,4,6,42.9,1
139А/2,295,4,6,93.9,3
139А/2,296,4,6,83.1,3
139А/2,297,5,6,56.4,2
139А/2,298,5,6,43.3,1
139А/2,299,5,6,93.7,3
139А/2,300,5,6,83.6,3
139А/2,301,6,6,57.0,2
139А/2,302,6,6,43.0,1
139А/2,303,6,6,94.3,3
139А/2,304,6,6,83.4,3
139А/2,305,7,6,56.9,2
139А/2,306,7,6,43.0,1
139А/2,307,7,6,93.7,3
139А/2,308,7,6,83.6,3
139А/2,309,8,6,57.0,2
139А/2,310,8,6,43.4,1
139А/2,311,8,6,93.5,3
139А/2,312,8,6,83.6,3
139А/2,313,9,6,57.8,2
139А/2,314,9,6,43.6,1
139А/2,315,9,6,94.7,3
139А/2,316,9,6,84.6,3
139А/2,317,10,6,56.6,2
139А/2,318,10,6,43.3,1
139А/2,319,10,6,94.1,3
139А/2,320,10,6,84.6,3
139А/2,321,11,6,57.4,2
139А/2,322,11,6,43.4,1
139А/2,323,11,6,94.9,3
139А/2,324,11,6,85.0,3
139А/2,325,12,6,57.0,2
139А/2,326,12,6,43.3,1
139А/2,327,12,6,94.1,3
139А/2,328,12,6,84.2,3
139А/2,329,13,6,57.2,2
139А/2,330,13,6,43.2,1
139А/2,331,13,6,94.7,3
139А/2,332,13,6,84.5,3
139А/2,333,14,6,57.0,2
139А/2,334,14,6,43.1,1
139А/2,335,14,6,94.1,3
139А/2,336,14,6,84.1,3
139А/2,337,15,6,56.7,2
139А/2,338,15,6,43.1,1
139А/2,339,15,6,93.5,3
139А/2,340,15,6,83.4,3
139А/2,341,16,6,56.6,2
139А/2,342,16,6,43.0,1
139А/2,343,16,6,93.6,3
139А/2,344,16,6,82.8,3
139А/2,345,17,6,56.7,2
139А/2,346,17,6,43.1,1
139А/2,347,17,6,93.6,3
139А/2,348,17,6,83.7,3
139А/2,349,18,6,56.9,2
139А/2,350,18,6,43.1,1
139А/2,351,18,6,94.1,3
139А/2,352,18,6,83.2,3
139А/2,353,2,7,64.2,2
139А/2,354,2,7,37.8,1
139А/2,355,2,7,37.4,1
139А/2,356,2,7,62.6,2
139А/2,357,3,7,64.6,2
139А/2,358,3,7,37.9,1
139А/2,359,3,7,37.2,1
139А/2,360,3,7,62.7,2
139А/2,361,4,7,63.0,2
139А/2,362,4,7,37.2,1
139А/2,363,4,7,36.5,1
139А/2,364,4,7,61.8,2
139А/2,365,5,7,63.7,2
139А/2,366,5,7,36.9,1
139А/2,367,5,7,36.3,1
139А/2,368,5,7,61.6,2
139А/2,369,6,7,63.2,2
139А/2,370,6,7,37.2,1
139А/2,371,6,7,36.3,1
139А/2,372,6,7,62.2,2
139А/2,373,7,7,63.9,2
139А/2,374,7,7,37.2,1
139А/2,375,7,7,36.2,1
139А/2,376,7,7,61.9,2
139А/2,377,8,7,63.5,2
139А/2,378,8,7,37.1,1
139А/2,379,8,7,36.3,1
139А/2,380,8,7,61.8,2
139А/2,381,9,7,62.9,2
139А/2,382,9,7,37.0,1
139А/2,383,9,7,36.4,1
139А/2,384,9,7,61.5,2
139А/2,385,10,7,63.5,2
139А/2,386,10,7,37.1,1
139А/2,387,10,7,35.9,1
139А/2,388,10,7,61.5,2
139А/2,389,11,7,64.8,2
139А/2,390,11,7,37.7,1
139А/2,391,11,7,37.1,1
139А/2,392,11,7,62.2,2
139А/2,393,12,7,64.6,2
139А/2,394,12,7,37.7,1
139А/2,395,12,7,36.9,1
139А/2,396,12,7,61.9,2
139А/2,397,13,7,63.6,2
139А/2,398,13,7,37.1,1
139А/2,399,13,7,36.4,1
139А/2,400,13,7,61.3,2
139А/2,401,14,7,63.5,2
139А/2,402,14,7,37.0,1
139А/2,403,14,7,36.2,1
139А/2,404,14,7,61.7,2
139А/2,405,2,8,64.8,2
139А/2,406,2,8,38.0,1
139А/2,407,2,8,38.0,1
139А/2,408,2,8,62.7,2
139А/2,409,3,8,64.2,2
139А/2,410,3,8,37.8,1
139А/2,411,3,8,38.1,1
139А/2,412,3,8,62.0,2
139А/2,413,4,8,64.4,2
139А/2,414,4,8,38.1,1
139А/2,415,4,8,37.8,1
139А/2,416,4,8,62.0,2
139А/2,417,5,8,63.4,2
139А/2,418,5,8,37.4,1
139А/2,419,5,8,37.3,1
139А/2,420,5,8,61.1,2
139А/2,421,6,8,64.5,2
139А/2,422,6,8,38.3,1
139А/2,423,6,8,37.8,1
139А/2,424,6,8,62.2,2
139А/2,425,7,8,64.7,2
139А/2,426,7,8,37.8,1
139А/2,427,7,8,38.0,1
139А/2,428,7,8,62.4,2
139А/2,429,8,8,63.5,2
139А/2,430,8,8,37.3,1
139А/2,431,8,8,37.2,1
139А/2,432,8,8,61.9,2
139А/2,433,9,8,63.8,2
139А/2,434,9,8,37.5,1
139А/2,435,9,8,37.2,1
139А/2,436,9,8,61.3,2
139А/2,437,10,8,63.1,2
139А/2,438,10,8,37.6,1
139А/2,439,10,8,37.7,1
139А/2,440,10,8,61.2,2
139А/2,441,11,8,64.6,2
139А/2,442,11,8,37.9,1
139А/2,443,11,8,37.7,1
139А/2,444,11,8,62.4,2
139А/2,445,12,8,63.9,2
139А/2,446,12,8,37.5,1
139А/2,447,12,8,37.2,1
139А/2,448,12,8,61.7,2
139А/2,449,13,8,63.6,2
139А/2,450,13,8,37.4,1
139А/2,451,13,8,37.5,1
139А/2,452,13,8,61.6,2
139А/2,453,14,8,63.9,2
139А/2,454,14,8,37.4,1
139А/2,455,14,8,37.4,1
139А/2,456,14,8,61.5,2
139А/2,457,15,8,64.0,2
139А/2,458,15,8,37.8,1
139А/2,459,15,8,37.5,1
139А/2,460,15,8,61.6,2
139А/2,461,16,8,63.7,2
139А/2,462,16,8,37.7,1
139А/2,463,16,8,37.6,1
139А/2,464,16,8,61.2,2
139А/2,465,2,9,65.1,2
139А/2,466,2,9,38.4,1
139А/2,467,2,9,39.7,1
139А/2,468,2,9,64.8,2
139А/2,469,3,9,38.2,1
139А/2,470,3,9,33.8,1
139А/2,471,3,9,64.1,2
139А/2,472,3,9,64.8,2
139А/2,473,4,9,37.9,1
139А/2,474,4,9,33.5,1
139А/2,475,4,9,65.0,2
139А/2,476,4,9,64.7,2
139А/2,477,5,9,37.6,1
139А/2,478,5,9,33.7,1
139А/2,479,5,9,65.2,2
139А/2,480,5,9,64.6,2
139А/2,481,6,9,37.6,1
139А/2,482,6,9,34.0,1
139А/2,483,6,9,65.2,2
139А/2,484,6,9,63.5,2
139А/2,485,7,9,37.9,1
139А/2,486,7,9,33.4,1
139А/2,487,7,9,65.0,2
139А/2,488,7,9,64.6,2
139А/2,489,8,9,37.6,1
139А/2,490,8,9,33.8,1
139А/2,491,8,9,64.8,2
139А/2,492,8,9,64.2,2
139А/2,493,9,9,37.7,1
139А/2,494,9,9,33.4,1
139А/2,495,9,9,65.3,2
139А/2,496,9,9,64.7,2
139А/2,497,10,9,37.9,1
139А/2,498,10,9,33.7,1
139А/2,499,10,9,65.2,2
139А/2,500,10,9,64.5,2
139А/2,501,11,9,38.0,1
139А/2,502,11,9,33.5,1
139А/2,503,11,9,65.2,2
139А/2,504,11,9,64.3,2
139А/2,505,12,9,38.1,1
139А/2,506,12,9,33.8,1
139А/2,507,12,9,64.9,2
139А/2,508,12,9,64.0,2
139А/2,509,13,9,37.9,1
139А/2,510,13,9,33.6,1
139А/2,511,13,9,65.1,2
139А/2,512,13,9,63.9,2
139А/2,513,14,9,38.2,1
139А/2,514,14,9,33.6,1
139А/2,515,14,9,65.7,2
139А/2,516,14,9,64.5,2
139А/2,517,15,9,37.8,1
139А/2,518,15,9,33.7,1
139А/2,519,15,9,65.4,2
139А/2,520,15,9,64.6,2
139А/2,521,16,9,37.5,1
139А/2,522,16,9,33.2,1
139А/2,523,16,9,65.4,2
139А/2,524,16,9,64.7,2
139А/2,525,17,9,37.8,1
139А/2,526,17,9,33.7,1
139А/2,527,17,9,65.0,2
139А/2,528,17,9,64.0,2
139А/2,529,18,9,37.6,1
139А/2,530,18,9,33.3,1
139А/2,531,18,9,65.5,2
